12.01.2020 07:55:17; Каски; ; 2; Склад Робомаг; Воронеж
07.03.2020 11:42:34; 1; ; 4; Склад Робомаг; Окуловка
07.03.2020 11:44:53; 1; ; 4; Склад Робомаг; Окуловка
07.03.2020 11:49:59; Каска; 1; 5; Склад Робомаг; Окуловка
07.03.2020 11:50:41; Каска; 1; 10; Склад Робомаг; Окуловка
07.03.2020 11:51:37; Каски; 1; 4; Склад Робомаг; Окуловка
08.03.2020 12:33:52; Каски; 1; 1; Склад Робомаг; Окуловка
08.03.2020 12:40:29; Каски; БР; 5; Склад Робомаг; Окуловка
08.03.2020 12:40:56; Перчатки; БР; 3; Склад Робомаг; Окуловка
08.03.2020 01:51:27; Ботинки летние; 40; 4; Склад Робомаг; Окуловка
08.03.2020 01:51:32; Каски; 41; 7; Склад Робомаг; Окуловка
08.03.2020 01:57:03; Ботинки летние; 39; 2; Склад Робомаг; Окуловка
08.03.2020 02:26:12; Ботинки летние р. 39; 3; Склад Робомаг; Окуловка
08.03.2020 02:26:17; Ботинки летние р. 40; 2; Склад Робомаг; Окуловка
08.03.2020 02:26:31; Ботинки летние р. 39; 4; Склад Робомаг; Окуловка
08.03.2020 02:39:47; Ботинки летние р. 41; 2; Склад Робомаг; Окуловка
08.03.2020 06:15:52; Ботинки летние р. 42; 1; Склад Робомаг; Окуловка
08.03.2020 06:16:10; Ботинки летние р. 42; 1; Склад Робомаг; Воронеж
12.03.2020 12:27:41; Ботинки летние р. 44; 3; Склад Робомаг; Воронеж
14.03.2020 11:08:38; Каска; 5; Склад Робомаг; Павловск
14.03.2020 11:08:45; Каска; 2; Склад Робомаг; Склад Елец
14.03.2020 11:20:20; Каска; 2; Робомаг; Склад Елец
14.03.2020 11:20:36; Перчатки; 5; Робомаг; Павловск
14.03.2020 11:28:55; Ботинки летние р. 39; 3; Робомаг; Павловск
20.03.2020 01:03:27; Ботинки летние р. 39; 2; Робомаг; Тула
